timestamp,price,date,hour
1497398400000,0.5924070615729695,2017-06-14,00:00:00
1497484800000,0.5238655333169775,2017-06-15,00:00:00
1497571200000,0.3500945495871385,2017-06-16,00:00:00
1497657600000,0.4225111489279804,2017-06-17,00:00:00
1497744000000,0.4395609763744513,2017-06-18,00:00:00
1497830400000,0.4053344277327230,2017-06-19,00:00:00
1497916800000,0.4285130343584702,2017-06-20,00:00:00
1498003200000,0.4423184625674906,2017-06-21,00:00:00
1498176000000,0.4486366804775560,2017-06-23,00:00:00
1498262400000,0.4828656296817910,2017-06-24,00:00:00
1498348800000,0.5191164555239917,2017-06-25,00:00:00
1498435200000,0.4665152681185346,2017-06-26,00:00:00
1498521600000,0.4079900000000000,2017-06-27,00:00:00
1498608000000,0.3948399918532901,2017-06-28,00:00:00
1498780800000,0.4192186326232202,2017-06-30,00:00:00
1498953600000,0.3930606364042076,2017-07-02,00:00:00
1499126400000,0.3832789505143633,2017-07-04,00:00:00
1499212800000,0.3969132009073298,2017-07-05,00:00:00
1499299200000,0.3788300000000000,2017-07-06,00:00:00
1499385600000,0.3622235122554169,2017-07-07,00:00:00
1499558400000,0.2995923269915784,2017-07-09,00:00:00
1499644800000,0.3047954122743573,2017-07-10,00:00:00
1499731200000,0.2117835132562990,2017-07-11,00:00:00
1499817600000,0.1891461315079396,2017-07-12,00:00:00
1499904000000,0.2282804322095560,2017-07-13,00:00:00
1499990400000,0.2127711973946203,2017-07-14,00:00:00
1500076800000,0.1753739876736658,2017-07-15,00:00:00
1500249600000,0.1796006063790490,2017-07-17,00:00:00
1500336000000,0.2630000000000000,2017-07-18,00:00:00
1500422400000,0.2695594023628594,2017-07-19,00:00:00
1500508800000,0.2359066901541643,2017-07-20,00:00:00
1500595200000,0.2939949801571384,2017-07-21,00:00:00
1500681600000,0.2616039806281849,2017-07-22,00:00:00
1500768000000,0.2734799971491909,2017-07-23,00:00:00
1500854400000,0.2651525472859666,2017-07-24,00:00:00
1501027200000,0.2515327152961000,2017-07-26,00:00:00
1501113600000,0.2754974478699296,2017-07-27,00:00:00
1501200000000,0.2752869109669963,2017-07-28,00:00:00
1501286400000,0.2678284431984298,2017-07-29,00:00:00
1501372800000,0.2760200000000000,2017-07-30,00:00:00
1501459200000,0.2550000000000000,2017-07-31,00:00:00
1501545600000,0.2543400000000000,2017-08-01,00:00:00
1501718400000,0.2872671108465557,2017-08-03,00:00:00
1501804800000,0.3328613491514679,2017-08-04,00:00:00
1501891200000,0.3933752665799122,2017-08-05,00:00:00
1501977600000,0.4080000000000000,2017-08-06,00:00:00
1502064000000,0.4302171750157495,2017-08-07,00:00:00
1502150400000,0.4772867752080723,2017-08-08,00:00:00
1502236800000,0.5482384415091477,2017-08-09,00:00:00
1502323200000,0.5422001322762065,2017-08-10,00:00:00
1502409600000,0.5699278822482103,2017-08-11,00:00:00
1502496000000,0.6560305336384513,2017-08-12,00:00:00
1502582400000,0.7213303172103284,2017-08-13,00:00:00
1502668800000,0.8104257872586265,2017-08-14,00:00:00
1502755200000,0.9837366690712598,2017-08-15,00:00:00
1502841600000,0.9186616400762559,2017-08-16,00:00:00
1502928000000,1.0411966596007915,2017-08-17,00:00:00
1503014400000,1.0144323924854801,2017-08-18,00:00:00
1503100800000,0.8693360278428234,2017-08-19,00:00:00
1503187200000,0.9807638437443253,2017-08-20,00:00:00
1503273600000,0.8863016224738547,2017-08-21,00:00:00
1503360000000,0.9003466144365152,2017-08-22,00:00:00
1503446400000,0.8448150794359234,2017-08-23,00:00:00
1503532800000,0.8513117088823661,2017-08-24,00:00:00
1503619200000,0.8948476050648902,2017-08-25,00:00:00
1503705600000,0.9193971686449803,2017-08-26,00:00:00
1503792000000,0.9617228392509230,2017-08-27,00:00:00
1503878400000,0.9209546404392813,2017-08-28,00:00:00
1503964800000,0.8770755001851407,2017-08-29,00:00:00
1504051200000,0.8110678529641432,2017-08-30,00:00:00
1504137600000,0.8708207015465405,2017-08-31,00:00:00
1504224000000,0.8415000000000000,2017-09-01,00:00:00
1504310400000,0.7968864902025914,2017-09-02,00:00:00
1504396800000,0.6940034419814342,2017-09-03,00:00:00
1504483200000,0.7479738257469902,2017-09-04,00:00:00
1504569600000,0.5481602936826545,2017-09-05,00:00:00
1504656000000,0.6171333255292115,2017-09-06,00:00:00
1504742400000,0.7395683024564890,2017-09-07,00:00:00
1504828800000,0.6462470478590917,2017-09-08,00:00:00
1504915200000,0.5364447389138445,2017-09-09,00:00:00
1505001600000,0.5554193939034862,2017-09-10,00:00:00
1505088000000,0.4989743581724987,2017-09-11,00:00:00
1505174400000,0.5634981133452490,2017-09-12,00:00:00
1505260800000,0.5933070043971762,2017-09-13,00:00:00
1505347200000,0.5646014728121884,2017-09-14,00:00:00
1505433600000,0.4479836960558886,2017-09-15,00:00:00
1505520000000,0.4808984990279758,2017-09-16,00:00:00
1505606400000,0.4837600000000000,2017-09-17,00:00:00
1505692800000,0.4957000000000000,2017-09-18,00:00:00
1505779200000,0.6079149590607955,2017-09-19,00:00:00
1505865600000,0.5593210077682835,2017-09-20,00:00:00
1505952000000,0.5654481653126222,2017-09-21,00:00:00
1506038400000,0.4985000000000000,2017-09-22,00:00:00
1506124800000,0.5074499601989536,2017-09-23,00:00:00
1506211200000,0.5414917776049662,2017-09-24,00:00:00
1506297600000,0.5210300000000000,2017-09-25,00:00:00
1506384000000,0.5559154647156162,2017-09-26,00:00:00
1506470400000,0.5137494522259599,2017-09-27,00:00:00
1506556800000,0.5480575435672516,2017-09-28,00:00:00
1506643200000,0.5948218846153894,2017-09-29,00:00:00
1506729600000,0.5829857376723202,2017-09-30,00:00:00
1506816000000,0.6184105536600931,2017-10-01,00:00:00
1506902400000,0.6133162815522041,2017-10-02,00:00:00
1506988800000,0.5777206031227261,2017-10-03,00:00:00
1507075200000,0.5596698537978686,2017-10-04,00:00:00
1507161600000,0.5480330551600008,2017-10-05,00:00:00
1507248000000,0.5429419623872482,2017-10-06,00:00:00
1507334400000,0.5029194484499086,2017-10-07,00:00:00
1507420800000,0.5368999832390472,2017-10-08,00:00:00
1507507200000,0.5012880788956874,2017-10-09,00:00:00
1507593600000,0.4676655799578887,2017-10-10,00:00:00
1507680000000,0.4778009322412651,2017-10-11,00:00:00
1507766400000,0.4804422986643909,2017-10-12,00:00:00
1507852800000,0.4120875356412313,2017-10-13,00:00:00
1507939200000,0.4423085725401656,2017-10-14,00:00:00
1508025600000,0.4570621445325189,2017-10-15,00:00:00
1508112000000,0.4378616782415547,2017-10-16,00:00:00
1508198400000,0.4495732306778596,2017-10-17,00:00:00
1508284800000,0.4678418617476291,2017-10-18,00:00:00
1508371200000,0.4535591150786073,2017-10-19,00:00:00
1508457600000,0.4329323368077074,2017-10-20,00:00:00
1508544000000,0.4022270269442347,2017-10-21,00:00:00
1508630400000,0.3883130927571641,2017-10-22,00:00:00
1508716800000,0.3820000000000000,2017-10-23,00:00:00
1508803200000,0.3881400000000000,2017-10-24,00:00:00
1508889600000,0.4553365247113212,2017-10-25,00:00:00
1508976000000,0.4437562561997204,2017-10-26,00:00:00
1509148800000,0.4249000000000000,2017-10-28,00:00:00
1509235200000,0.3960618941550261,2017-10-29,00:00:00
1509321600000,0.4023496789599305,2017-10-30,00:00:00
1509408000000,0.4088406830113756,2017-10-31,00:00:00
1509494400000,0.3902603906233604,2017-11-01,00:00:00
1509580800000,0.3676162201644786,2017-11-02,00:00:00
1509667200000,0.3641786289467499,2017-11-03,00:00:00
1509753600000,0.3913844801736105,2017-11-04,00:00:00
1509840000000,0.3683883050782423,2017-11-05,00:00:00
1510012800000,0.3725612493697466,2017-11-07,00:00:00
1510099200000,0.3836100000000000,2017-11-08,00:00:00
1510185600000,0.4749082686632086,2017-11-09,00:00:00
1510272000000,0.5356229553701211,2017-11-10,00:00:00
1510358400000,0.5007879558844286,2017-11-11,00:00:00
1510444800000,0.6238754799793106,2017-11-12,00:00:00
1510531200000,0.5854047188116958,2017-11-13,00:00:00
1510617600000,0.5845325822203643,2017-11-14,00:00:00
1510704000000,0.6107750421342854,2017-11-15,00:00:00
1510790400000,0.7874665368582115,2017-11-16,00:00:00
1510876800000,0.8260707183104921,2017-11-17,00:00:00
1510963200000,0.7912126408747176,2017-11-18,00:00:00
1511049600000,0.8182252742942295,2017-11-19,00:00:00
1511136000000,0.8507863008935999,2017-11-20,00:00:00
1511222400000,0.9593804794424833,2017-11-21,00:00:00
1511308800000,0.8860199418107438,2017-11-22,00:00:00
1511395200000,0.8992115575094006,2017-11-23,00:00:00
1511481600000,0.7841594117524246,2017-11-24,00:00:00
1511568000000,0.7854414515984283,2017-11-25,00:00:00
1511654400000,0.8068171067896287,2017-11-26,00:00:00
1511740800000,0.8409593322321471,2017-11-27,00:00:00
1511827200000,1.0520622930345509,2017-11-28,00:00:00
1511913600000,1.4410432398842239,2017-11-29,00:00:00
1512000000000,1.2624795692414835,2017-11-30,00:00:00
1512086400000,1.3166690974803418,2017-12-01,00:00:00
1512172800000,1.4302104480085024,2017-12-02,00:00:00
1512259200000,1.4455941360587735,2017-12-03,00:00:00
1512345600000,1.8354447310893427,2017-12-04,00:00:00
1512432000000,2.6581839631193686,2017-12-05,00:00:00
1512518400000,3.7430486607617210,2017-12-06,00:00:00
1512604800000,4.4246396517841548,2017-12-07,00:00:00
1512691200000,4.1162947193465325,2017-12-08,00:00:00
1512777600000,4.9323584668935943,2017-12-09,00:00:00
1512864000000,4.5640368960072894,2017-12-10,00:00:00
1512950400000,4.0732484575083259,2017-12-11,00:00:00
1513036800000,4.2228319292864888,2017-12-12,00:00:00
1513123200000,4.7972258942566207,2017-12-13,00:00:00
1513209600000,4.0646111900778285,2017-12-14,00:00:00
1513296000000,3.7199678187004452,2017-12-15,00:00:00
1513382400000,3.8987147739371765,2017-12-16,00:00:00
1513468800000,3.6020609973319938,2017-12-17,00:00:00
1513555200000,3.7575853347949856,2017-12-18,00:00:00
1513641600000,4.1714594748570047,2017-12-19,00:00:00
1513728000000,5.3304735115090651,2017-12-20,00:00:00
1513814400000,4.9185470583072839,2017-12-21,00:00:00
1513900800000,4.8124805418152914,2017-12-22,00:00:00
1513987200000,3.4718252571853566,2017-12-23,00:00:00
1514073600000,3.5941492894808980,2017-12-24,00:00:00
1514160000000,3.4821309639279716,2017-12-25,00:00:00
1514246400000,3.4889595445133056,2017-12-26,00:00:00
1514332800000,3.8099653170032971,2017-12-27,00:00:00
1514419200000,3.7003338393735321,2017-12-28,00:00:00
1514505600000,3.7088788558804355,2017-12-29,00:00:00
1514592000000,3.6726380333532875,2017-12-30,00:00:00
1514678400000,3.3126209651999982,2017-12-31,00:00:00
1514764800000,3.5550133343800400,2018-01-01,00:00:00
1514851200000,3.9779962638939958,2018-01-02,00:00:00
1514937600000,3.9663980175087766,2018-01-03,00:00:00
1515024000000,4.1116684164337805,2018-01-04,00:00:00
1515110400000,4.0589037541705446,2018-01-05,00:00:00
1515196800000,3.7518429928604705,2018-01-06,00:00:00
1515283200000,3.9616266931750979,2018-01-07,00:00:00
1515369600000,4.1157033796600940,2018-01-08,00:00:00
1515456000000,3.8729659717592764,2018-01-09,00:00:00
1515542400000,3.5355946238164195,2018-01-10,00:00:00
1515628800000,3.7877260380464169,2018-01-11,00:00:00
1515715200000,3.3964503035157934,2018-01-12,00:00:00
1515801600000,3.7341338932287879,2018-01-13,00:00:00
1515888000000,3.9126315489744062,2018-01-14,00:00:00
1515974400000,3.7174467251158990,2018-01-15,00:00:00
1516060800000,3.4548558330112990,2018-01-16,00:00:00
1516147200000,2.6282064211684989,2018-01-17,00:00:00
1516233600000,2.7075621765127215,2018-01-18,00:00:00
1516320000000,2.7725875578354360,2018-01-19,00:00:00
1516406400000,2.7283463529770765,2018-01-20,00:00:00
1516492800000,3.0455428119564523,2018-01-21,00:00:00
1516579200000,2.7856742200538974,2018-01-22,00:00:00
1516665600000,2.4731427854952519,2018-01-23,00:00:00
1516752000000,2.5165245348439496,2018-01-24,00:00:00
1516838400000,2.4497402552412254,2018-01-25,00:00:00
1516924800000,2.3578534758920213,2018-01-26,00:00:00
1517011200000,2.3698903630290543,2018-01-27,00:00:00
1517097600000,2.4606271811371884,2018-01-28,00:00:00
1517184000000,2.5091623174680341,2018-01-29,00:00:00
1517270400000,2.5700885949949009,2018-01-30,00:00:00
1517356800000,2.2113883660771170,2018-01-31,00:00:00
1517443200000,2.2994054724231829,2018-02-01,00:00:00
1517529600000,1.8933057211007105,2018-02-02,00:00:00
1517616000000,1.8124740402714515,2018-02-03,00:00:00
1517702400000,1.9923348849106246,2018-02-04,00:00:00
1517788800000,1.7432835315847145,2018-02-05,00:00:00
1517875200000,1.4478785180703880,2018-02-06,00:00:00
1517961600000,1.6073430992135791,2018-02-07,00:00:00
1518048000000,1.5987590515376809,2018-02-08,00:00:00
1518134400000,1.7621104023367795,2018-02-09,00:00:00
1518220800000,1.9341773095859152,2018-02-10,00:00:00
1518307200000,1.8422505650790024,2018-02-11,00:00:00
1518393600000,1.6925892569303573,2018-02-12,00:00:00
1518480000000,1.8665444189380730,2018-02-13,00:00:00
1518566400000,1.8201078458320484,2018-02-14,00:00:00
1518652800000,2.0302654909026979,2018-02-15,00:00:00
1518739200000,2.0991638958802771,2018-02-16,00:00:00
1518825600000,2.1052331045046904,2018-02-17,00:00:00
1518912000000,2.2055358248038106,2018-02-18,00:00:00
1518998400000,1.9628379856118138,2018-02-19,00:00:00
1519084800000,2.0692286164699252,2018-02-20,00:00:00
1519171200000,1.8650126507271396,2018-02-21,00:00:00
1519257600000,1.7212128390995710,2018-02-22,00:00:00
1519344000000,1.6049244319314322,2018-02-23,00:00:00
1519430400000,1.7175498520140229,2018-02-24,00:00:00
1519516800000,1.7455834268675590,2018-02-25,00:00:00
1519603200000,1.7985643828498120,2018-02-26,00:00:00
1519689600000,1.8550686101169746,2018-02-27,00:00:00
1519776000000,1.9596032336698047,2018-02-28,00:00:00
1519862400000,1.8527761248559160,2018-03-01,00:00:00
1519948800000,1.9619029659556318,2018-03-02,00:00:00
1520035200000,1.9155193462702944,2018-03-03,00:00:00
1520121600000,1.8598873670005205,2018-03-04,00:00:00
1520208000000,1.8891433980113600,2018-03-05,00:00:00
1520294400000,1.8631505234657085,2018-03-06,00:00:00
1520380800000,1.6917992600529095,2018-03-07,00:00:00
1520467200000,1.5240244089471376,2018-03-08,00:00:00
1520553600000,1.3811920160530760,2018-03-09,00:00:00
1520640000000,1.3864578372740823,2018-03-10,00:00:00
1520726400000,1.2940977287348785,2018-03-11,00:00:00
1520812800000,1.3749460096686483,2018-03-12,00:00:00
1520899200000,1.3277400410156622,2018-03-13,00:00:00
1520985600000,1.3090927924881813,2018-03-14,00:00:00
1521072000000,1.1133428481497622,2018-03-15,00:00:00
1521158400000,1.0953049270372885,2018-03-16,00:00:00
1521244800000,1.0817983110551019,2018-03-17,00:00:00
1521331200000,1.1405271986704751,2018-03-18,00:00:00
1521417600000,1.2418611320161285,2018-03-19,00:00:00
1521504000000,1.3199775611272671,2018-03-20,00:00:00
1521590400000,1.4473023694755830,2018-03-21,00:00:00
1521676800000,1.3671789594161958,2018-03-22,00:00:00
1521763200000,1.3258847925220748,2018-03-23,00:00:00
1521849600000,1.3571990168148230,2018-03-24,00:00:00
1521936000000,1.3104691849830300,2018-03-25,00:00:00
1522022400000,1.3221603705998099,2018-03-26,00:00:00
1522108800000,1.2297461203534892,2018-03-27,00:00:00
1522195200000,1.1681117487056199,2018-03-28,00:00:00
1522281600000,1.1892103592024383,2018-03-29,00:00:00
1522368000000,1.1034248236286463,2018-03-30,00:00:00
1522454400000,1.1154666676255093,2018-03-31,00:00:00
1522540800000,1.0719244367309000,2018-04-01,00:00:00
1522627200000,0.9902672870366100,2018-04-02,00:00:00
1522713600000,1.0268244441570200,2018-04-03,00:00:00
1522800000000,1.1052291133197100,2018-04-04,00:00:00
1522886400000,0.9815359078404300,2018-04-05,00:00:00
1522972800000,0.9723825673966900,2018-04-06,00:00:00
1523059200000,0.9299097871300100,2018-04-07,00:00:00
1523145600000,0.9799570525208500,2018-04-08,00:00:00
1523232000000,1.0257285911520000,2018-04-09,00:00:00
1523318400000,0.9910204742111600,2018-04-10,00:00:00
1523404800000,1.0100167453585100,2018-04-11,00:00:00
1523491200000,1.0655476333387900,2018-04-12,00:00:00
1523577600000,1.3418747530209400,2018-04-13,00:00:00
1523664000000,1.3223048126372400,2018-04-14,00:00:00
1523836800000,1.6705888041025188,2018-04-16,00:00:00
1523923200000,1.6277406274240158,2018-04-17,00:00:00
1524009600000,1.5572631662607479,2018-04-18,00:00:00
1524096000000,1.6860380323758594,2018-04-19,00:00:00
1524182400000,1.7695380324852910,2018-04-20,00:00:00
1524268800000,1.9763264814905503,2018-04-21,00:00:00
1524355200000,1.9199434014407866,2018-04-22,00:00:00
1524441600000,1.9980911167524532,2018-04-23,00:00:00
1524614400000,2.1363387180086790,2018-04-25,00:00:00
1524873600000,1.8895722319967890,2018-04-28,00:00:00
1524960000000,2.0277321479247307,2018-04-29,00:00:00
1525046400000,2.0371132084785745,2018-04-30,00:00:00
1525132800000,1.9566275499897032,2018-05-01,00:00:00
1525219200000,1.9831325458993942,2018-05-02,00:00:00
1525305600000,2.2488221752315683,2018-05-03,00:00:00
1525392000000,2.5951094760319658,2018-05-04,00:00:00
1525478400000,2.4542763983339394,2018-05-05,00:00:00
1525564800000,2.3840113991138098,2018-05-06,00:00:00
1525651200000,2.3000353710465685,2018-05-07,00:00:00
1525737600000,2.2545678524849424,2018-05-08,00:00:00
1525824000000,2.4398505964075315,2018-05-09,00:00:00
1525910400000,2.2896708833243122,2018-05-10,00:00:00
1525996800000,2.1691657590932665,2018-05-11,00:00:00
1526083200000,1.8343751244693766,2018-05-12,00:00:00
1526169600000,1.8987542648602587,2018-05-13,00:00:00
1526256000000,2.0025635057312780,2018-05-14,00:00:00
1526342400000,1.9342494747527483,2018-05-15,00:00:00
1526428800000,1.9897837992124968,2018-05-16,00:00:00
1526515200000,1.8948521080198739,2018-05-17,00:00:00
1526601600000,1.7208294986990731,2018-05-18,00:00:00
1526688000000,1.7597225559830659,2018-05-19,00:00:00
1526774400000,1.7510818550522384,2018-05-20,00:00:00
1526860800000,1.8282320618071640,2018-05-21,00:00:00
1526947200000,1.7361091351240630,2018-05-22,00:00:00
1527033600000,1.6352473676111977,2018-05-23,00:00:00
1527120000000,1.4801996105351574,2018-05-24,00:00:00
1527206400000,1.5250266310394935,2018-05-25,00:00:00
1527292800000,1.4857899329982006,2018-05-26,00:00:00
1527379200000,1.4811006360657915,2018-05-27,00:00:00
1527465600000,1.4600782018109828,2018-05-28,00:00:00
1527552000000,1.3517145762291527,2018-05-29,00:00:00
1527638400000,1.5892631092726246,2018-05-30,00:00:00
1527724800000,1.5689771702142244,2018-05-31,00:00:00
1527811200000,1.7596343225135387,2018-06-01,00:00:00
1527897600000,1.9270419454519884,2018-06-02,00:00:00
1527984000000,1.9022638648286811,2018-06-03,00:00:00
1528070400000,1.8134098317477530,2018-06-04,00:00:00
1528156800000,1.7205366621243162,2018-06-05,00:00:00
1528243200000,1.7461613442316950,2018-06-06,00:00:00
1528329600000,1.6979972226694760,2018-06-07,00:00:00
1528416000000,1.6866139877038855,2018-06-08,00:00:00
1528502400000,1.7113892049848935,2018-06-09,00:00:00
1528588800000,1.6446786152654740,2018-06-10,00:00:00
1528675200000,1.3552281245075755,2018-06-11,00:00:00
1528761600000,1.4379764980218258,2018-06-12,00:00:00
1528848000000,1.2452272586051584,2018-06-13,00:00:00
1528934400000,1.2018063314426810,2018-06-14,00:00:00
1529020800000,1.2745829095651952,2018-06-15,00:00:00
1529107200000,1.1810566538113530,2018-06-16,00:00:00
1529193600000,1.1971040487190676,2018-06-17,00:00:00
1529280000000,1.1729480945965643,2018-06-18,00:00:00
1529366400000,1.1805264733910949,2018-06-19,00:00:00
1529452800000,1.1792520147871206,2018-06-20,00:00:00
1529539200000,1.1620356198935263,2018-06-21,00:00:00
1529625600000,1.1599037860779780,2018-06-22,00:00:00
1529712000000,0.9812564456206241,2018-06-23,00:00:00
1529798400000,1.0418021040270951,2018-06-24,00:00:00
1529884800000,0.9784770925202799,2018-06-25,00:00:00
1529971200000,1.0176587489836377,2018-06-26,00:00:00
1530057600000,0.9425958872031832,2018-06-27,00:00:00
1530144000000,0.9906713411817563,2018-06-28,00:00:00
1530230400000,0.9154635156472055,2018-06-29,00:00:00
1530316800000,0.9690893975145069,2018-06-30,00:00:00
1530403200000,1.0096457254220592,2018-07-01,00:00:00
1530489600000,1.0705707767361934,2018-07-02,00:00:00
1530576000000,1.1661861545713736,2018-07-03,00:00:00
1530662400000,1.1425449868272214,2018-07-04,00:00:00
1530748800000,1.2081283213744128,2018-07-05,00:00:00
1530835200000,1.1553830702316477,2018-07-06,00:00:00
1530921600000,1.0623792017926693,2018-07-07,00:00:00
1531008000000,1.1050158121857077,2018-07-08,00:00:00
1531094400000,1.0858222750163941,2018-07-09,00:00:00
1531180800000,1.0431435471810044,2018-07-10,00:00:00
1531267200000,0.9607570352176586,2018-07-11,00:00:00
1531353600000,1.0340317300158557,2018-07-12,00:00:00
1531440000000,0.9526769595180209,2018-07-13,00:00:00
1531526400000,0.9636509777645553,2018-07-14,00:00:00
1531612800000,0.9744797474909389,2018-07-15,00:00:00
1531699200000,1.0027647382785654,2018-07-16,00:00:00
1531785600000,1.0823506111292835,2018-07-17,00:00:00
1531872000000,1.1320376171982370,2018-07-18,00:00:00
1531958400000,1.0866471056778519,2018-07-19,00:00:00
1532044800000,1.0455091304524125,2018-07-20,00:00:00
1532131200000,0.9627864027476201,2018-07-21,00:00:00
1532217600000,1.0068124719698425,2018-07-22,00:00:00
1532304000000,0.9796417404174090,2018-07-23,00:00:00
1532390400000,0.9368511954979050,2018-07-24,00:00:00
1532476800000,0.9843113087062790,2018-07-25,00:00:00
1532563200000,0.9866129323758501,2018-07-26,00:00:00
1532649600000,1.0109994842084892,2018-07-27,00:00:00
1532736000000,1.0119306464980538,2018-07-28,00:00:00
1532822400000,1.0243286931101128,2018-07-29,00:00:00
1532908800000,1.0106915055827278,2018-07-30,00:00:00
1532995200000,0.9738743722561839,2018-07-31,00:00:00
1533081600000,0.9419112989626464,2018-08-01,00:00:00
1533168000000,0.9243525823926048,2018-08-02,00:00:00
1533254400000,0.8849064836719400,2018-08-03,00:00:00
1533340800000,0.9642238568623852,2018-08-04,00:00:00
1533427200000,0.8520570628681390,2018-08-05,00:00:00
1533513600000,0.9097615534684944,2018-08-06,00:00:00
1533600000000,0.8031083748418676,2018-08-07,00:00:00
1533686400000,0.7304368640436879,2018-08-08,00:00:00
1533772800000,0.6150300850280629,2018-08-09,00:00:00
1533859200000,0.6385335628054361,2018-08-10,00:00:00
1533945600000,0.5743184333985473,2018-08-11,00:00:00
1534032000000,0.5209863676369265,2018-08-12,00:00:00
1534118400000,0.5400005530036396,2018-08-13,00:00:00
1534204800000,0.4584304822705771,2018-08-14,00:00:00
1534291200000,0.4472977693471695,2018-08-15,00:00:00
1534377600000,0.4440490927622266,2018-08-16,00:00:00
1534464000000,0.4643872378202927,2018-08-17,00:00:00
1534550400000,0.5631313920046041,2018-08-18,00:00:00
1534636800000,0.4972393125983749,2018-08-19,00:00:00
1534723200000,0.5396959340523691,2018-08-20,00:00:00
1534809600000,0.4974164684650963,2018-08-21,00:00:00
1534896000000,0.5184642184634543,2018-08-22,00:00:00
1534982400000,0.4774859736363842,2018-08-23,00:00:00
1535068800000,0.5063287307651627,2018-08-24,00:00:00
1535155200000,0.5218588281380703,2018-08-25,00:00:00
1535241600000,0.5424167445587152,2018-08-26,00:00:00
1535328000000,0.5660180477114732,2018-08-27,00:00:00
1535414400000,0.6695473950279498,2018-08-28,00:00:00
1535500800000,0.7679211906037119,2018-08-29,00:00:00
1535587200000,0.7243961593837053,2018-08-30,00:00:00
1535673600000,0.7176214557509289,2018-08-31,00:00:00
1535760000000,0.7104524614483846,2018-09-01,00:00:00
1535846400000,0.7405271389522885,2018-09-02,00:00:00
1535932800000,0.7151963746573851,2018-09-03,00:00:00
1536019200000,0.6975945258708110,2018-09-04,00:00:00
1536105600000,0.7020278096955421,2018-09-05,00:00:00
1536192000000,0.5791086262263767,2018-09-06,00:00:00
1536278400000,0.5997093671622448,2018-09-07,00:00:00
1536364800000,0.5658396940261806,2018-09-08,00:00:00
1536451200000,0.5317529625488297,2018-09-09,00:00:00
1536537600000,0.5570867079631147,2018-09-10,00:00:00
1536624000000,0.5708557423874448,2018-09-11,00:00:00
1536710400000,0.5456105621353788,2018-09-12,00:00:00
1536796800000,0.5494009499239402,2018-09-13,00:00:00
1536883200000,0.5754801785677508,2018-09-14,00:00:00
1536969600000,0.5706392785255398,2018-09-15,00:00:00
1537056000000,0.5710997147534914,2018-09-16,00:00:00
1537142400000,0.5778519711535368,2018-09-17,00:00:00
1537228800000,0.5340297770737140,2018-09-18,00:00:00
1537315200000,0.5341244305337719,2018-09-19,00:00:00
1537401600000,0.5298893368816258,2018-09-20,00:00:00
1537488000000,0.5656805137356614,2018-09-21,00:00:00
1537574400000,0.6287444425517916,2018-09-22,00:00:00
1537660800000,0.6073780630702523,2018-09-23,00:00:00
1537747200000,0.6114612773534322,2018-09-24,00:00:00
1537833600000,0.5592359143822539,2018-09-25,00:00:00
1537920000000,0.5693399183993230,2018-09-26,00:00:00
1538006400000,0.5490235691710841,2018-09-27,00:00:00
1538092800000,0.5848200092675520,2018-09-28,00:00:00
1538179200000,0.5715494021326528,2018-09-29,00:00:00
1538265600000,0.5650237071710602,2018-09-30,00:00:00
1538352000000,0.5672490469577958,2018-10-01,00:00:00
1538438400000,0.5598679859263296,2018-10-02,00:00:00
1538524800000,0.5595388178584470,2018-10-03,00:00:00
1538611200000,0.5530230596713899,2018-10-04,00:00:00
1538697600000,0.5555393678129587,2018-10-05,00:00:00
1538784000000,0.5725723445835101,2018-10-06,00:00:00
1538870400000,0.5643874300069223,2018-10-07,00:00:00
1538956800000,0.5741526284252821,2018-10-08,00:00:00
1539043200000,0.6023352317982385,2018-10-09,00:00:00
1539129600000,0.5911716812801375,2018-10-10,00:00:00
1539216000000,0.5830730321967912,2018-10-11,00:00:00
1539302400000,0.4801744962248507,2018-10-12,00:00:00
1539388800000,0.4889115027729511,2018-10-13,00:00:00
1539475200000,0.4860539465197005,2018-10-14,00:00:00
1539561600000,0.4822496235147555,2018-10-15,00:00:00
1539648000000,0.5014582107677946,2018-10-16,00:00:00
1539734400000,0.4973074120903212,2018-10-17,00:00:00
1539820800000,0.5076348668735841,2018-10-18,00:00:00
1539907200000,0.4903296559170154,2018-10-19,00:00:00
1539993600000,0.4852669230250159,2018-10-20,00:00:00
1540080000000,0.4923789369535849,2018-10-21,00:00:00
1540166400000,0.4877393959797859,2018-10-22,00:00:00
1540252800000,0.4883871660447071,2018-10-23,00:00:00
1540339200000,0.4900301497091817,2018-10-24,00:00:00
1540425600000,0.4885947953478597,2018-10-25,00:00:00
1540512000000,0.4912485456877464,2018-10-26,00:00:00
1540598400000,0.4869018627232604,2018-10-27,00:00:00
1540684800000,0.4761905423895115,2018-10-28,00:00:00
1540771200000,0.4784101956837127,2018-10-29,00:00:00
1540857600000,0.4451192600599092,2018-10-30,00:00:00
1540944000000,0.4490624894934784,2018-10-31,00:00:00
1541030400000,0.4653792978516207,2018-11-01,00:00:00
1541116800000,0.4737555168125324,2018-11-02,00:00:00
1541203200000,0.4837397777256753,2018-11-03,00:00:00
1541289600000,0.4773376831974763,2018-11-04,00:00:00
1541376000000,0.4986599363454201,2018-11-05,00:00:00
1541462400000,0.5033404316119238,2018-11-06,00:00:00
1541548800000,0.5142524612695204,2018-11-07,00:00:00
1541635200000,0.5023849306441331,2018-11-08,00:00:00
1541721600000,0.4825894520171654,2018-11-09,00:00:00
1541808000000,0.4758200657396538,2018-11-10,00:00:00
1541894400000,0.4826633631933181,2018-11-11,00:00:00
1541980800000,0.4822143885968055,2018-11-12,00:00:00
1542067200000,0.4925913799491750,2018-11-13,00:00:00
1542153600000,0.4900554159178661,2018-11-14,00:00:00
1542240000000,0.4338943030867163,2018-11-15,00:00:00
1542326400000,0.4217105756442889,2018-11-16,00:00:00
1542412800000,0.4090857960107185,2018-11-17,00:00:00
1542499200000,0.4075981581893043,2018-11-18,00:00:00
1542585600000,0.4087250907557870,2018-11-19,00:00:00
1542672000000,0.3495859038211253,2018-11-20,00:00:00
1542758400000,0.2999647018526657,2018-11-21,00:00:00
1542844800000,0.3282362535229352,2018-11-22,00:00:00
1542931200000,0.3013544123935778,2018-11-23,00:00:00
1543017600000,0.3168478871872252,2018-11-24,00:00:00
1543104000000,0.2780956366590163,2018-11-25,00:00:00
1543190400000,0.2863908288185622,2018-11-26,00:00:00
1543276800000,0.2725740223869607,2018-11-27,00:00:00
1543363200000,0.2690068692017695,2018-11-28,00:00:00
1543449600000,0.2999749588003747,2018-11-29,00:00:00
1543536000000,0.3058631277169639,2018-11-30,00:00:00
1543622400000,0.2866949129834384,2018-12-01,00:00:00
1543708800000,0.2979428972513020,2018-12-02,00:00:00
1543795200000,0.2923355576068859,2018-12-03,00:00:00
1543881600000,0.2710978640075213,2018-12-04,00:00:00
1543968000000,0.2762221979206304,2018-12-05,00:00:00
1544054400000,0.2549058632944518,2018-12-06,00:00:00
1544140800000,0.2298685160874344,2018-12-07,00:00:00
1544227200000,0.2335698412441926,2018-12-08,00:00:00
1544313600000,0.2257728381314083,2018-12-09,00:00:00
1544400000000,0.2371990120153411,2018-12-10,00:00:00
1544486400000,0.2316360440984030,2018-12-11,00:00:00
1544572800000,0.2238318190958058,2018-12-12,00:00:00
1544659200000,0.2326150348912582,2018-12-13,00:00:00
1544745600000,0.2197118860229849,2018-12-14,00:00:00
1544832000000,0.2139366606104203,2018-12-15,00:00:00
1544918400000,0.2211306767766926,2018-12-16,00:00:00
1545004800000,0.2237438982989016,2018-12-17,00:00:00
1545091200000,0.2572078477964586,2018-12-18,00:00:00
1545177600000,0.2914629128614876,2018-12-19,00:00:00
1545264000000,0.2806575059055712,2018-12-20,00:00:00
1545350400000,0.3500996752283261,2018-12-21,00:00:00
1545436800000,0.3260728596543070,2018-12-22,00:00:00
1545523200000,0.3482509958117444,2018-12-23,00:00:00
1545609600000,0.3668901041201000,2018-12-24,00:00:00
1545696000000,0.3596279486264108,2018-12-25,00:00:00
1545782400000,0.3357313035667383,2018-12-26,00:00:00
1545868800000,0.3348202220539302,2018-12-27,00:00:00
1545955200000,0.3186764217647257,2018-12-28,00:00:00
1546041600000,0.3683975499583637,2018-12-29,00:00:00
1546128000000,0.3521863664327204,2018-12-30,00:00:00
1546214400000,0.3620175764345489,2018-12-31,00:00:00
1546300800000,0.3563044115861958,2019-01-01,00:00:00
1546387200000,0.3713491355381934,2019-01-02,00:00:00
1546473600000,0.3955718211805730,2019-01-03,00:00:00
1546560000000,0.3798854192571094,2019-01-04,00:00:00
1546646400000,0.3781147671190907,2019-01-05,00:00:00
1546732800000,0.3712178884234636,2019-01-06,00:00:00
1546819200000,0.3834084076337300,2019-01-07,00:00:00
1546905600000,0.3714543984693805,2019-01-08,00:00:00
1546992000000,0.3643849093015386,2019-01-09,00:00:00
1547078400000,0.3697037599812675,2019-01-10,00:00:00
1547164800000,0.3113917129592165,2019-01-11,00:00:00
1547251200000,0.3132124715905483,2019-01-12,00:00:00
1547337600000,0.3108640859873134,2019-01-13,00:00:00
1547424000000,0.2855277060976617,2019-01-14,00:00:00
1547510400000,0.3062465160658786,2019-01-15,00:00:00
1547596800000,0.2975881223655195,2019-01-16,00:00:00
1547683200000,0.2974681800033757,2019-01-17,00:00:00
1547769600000,0.3103815228419853,2019-01-18,00:00:00
1547856000000,0.3062352370521774,2019-01-19,00:00:00
1547942400000,0.3140209171886529,2019-01-20,00:00:00
1548028800000,0.2973338916860603,2019-01-21,00:00:00
1548115200000,0.3031534728958921,2019-01-22,00:00:00
1548201600000,0.3065013942065339,2019-01-23,00:00:00
1548288000000,0.2964253968583179,2019-01-24,00:00:00
1548374400000,0.2952226526343991,2019-01-25,00:00:00
1548460800000,0.2875719873247900,2019-01-26,00:00:00
1548547200000,0.2833164838400034,2019-01-27,00:00:00
1548633600000,0.2710318459721468,2019-01-28,00:00:00
1548720000000,0.2570199077422149,2019-01-29,00:00:00
1548806400000,0.2537660649060273,2019-01-30,00:00:00
1548892800000,0.2635464085664115,2019-01-31,00:00:00
1548979200000,0.2575640635087386,2019-02-01,00:00:00
1549065600000,0.2585513702736464,2019-02-02,00:00:00
1549152000000,0.2637909607769712,2019-02-03,00:00:00
1549238400000,0.2535460215770787,2019-02-04,00:00:00
1549324800000,0.2562511323455369,2019-02-05,00:00:00
1549411200000,0.2549171997904175,2019-02-06,00:00:00
1549497600000,0.2425966071073750,2019-02-07,00:00:00
1549584000000,0.2547601530561081,2019-02-08,00:00:00
1549670400000,0.2786517447043364,2019-02-09,00:00:00
1549756800000,0.2764799000963659,2019-02-10,00:00:00
1549843200000,0.2831793104669631,2019-02-11,00:00:00
1549929600000,0.2676833678301196,2019-02-12,00:00:00
1550016000000,0.2744854290840166,2019-02-13,00:00:00
1550102400000,0.2707854151807462,2019-02-14,00:00:00
1550188800000,0.2669606213976573,2019-02-15,00:00:00
1550275200000,0.2719527667207790,2019-02-16,00:00:00
1550361600000,0.2752816384920383,2019-02-17,00:00:00
1550448000000,0.2790819133821642,2019-02-18,00:00:00
1550534400000,0.3050496632139104,2019-02-19,00:00:00
1550620800000,0.3069215048253833,2019-02-20,00:00:00
1550707200000,0.3150904354313254,2019-02-21,00:00:00
1550793600000,0.3002537767132108,2019-02-22,00:00:00
1550880000000,0.3035292487953341,2019-02-23,00:00:00
1550966400000,0.3217488532618335,2019-02-24,00:00:00
1551052800000,0.2837929504565415,2019-02-25,00:00:00
1551139200000,0.2878466369503256,2019-02-26,00:00:00
1551225600000,0.2852660212743763,2019-02-27,00:00:00
1551312000000,0.2862186422766661,2019-02-28,00:00:00
1551398400000,0.2856559307901086,2019-03-01,00:00:00
1551484800000,0.2968400465270987,2019-03-02,00:00:00
1551571200000,0.2947301350992897,2019-03-03,00:00:00
1551657600000,0.2869682200661182,2019-03-04,00:00:00
1551744000000,0.2753400025934999,2019-03-05,00:00:00
1551830400000,0.2821039697360939,2019-03-06,00:00:00
1551916800000,0.2822248576042205,2019-03-07,00:00:00
1552003200000,0.2802112896405664,2019-03-08,00:00:00
1552089600000,0.2776443479103584,2019-03-09,00:00:00
1552176000000,0.2839177762961194,2019-03-10,00:00:00
1552262400000,0.2843007452273893,2019-03-11,00:00:00
1552348800000,0.2804927820289032,2019-03-12,00:00:00
1552435200000,0.2851750641570988,2019-03-13,00:00:00
1552521600000,0.2865788831849982,2019-03-14,00:00:00
1552608000000,0.2979503829757771,2019-03-15,00:00:00
1552694400000,0.3013119266747318,2019-03-16,00:00:00
1552780800000,0.3074354161221404,2019-03-17,00:00:00
1552867200000,0.2974213832439295,2019-03-18,00:00:00
1552953600000,0.2970956050267471,2019-03-19,00:00:00
1553040000000,0.2980682246059584,2019-03-20,00:00:00
1553126400000,0.3020520381858210,2019-03-21,00:00:00
1553212800000,0.3192451761513910,2019-03-22,00:00:00
1553299200000,0.3123448291538930,2019-03-23,00:00:00
1553385600000,0.3133567795057496,2019-03-24,00:00:00
1553472000000,0.3096704850704220,2019-03-25,00:00:00
1553558400000,0.2985813354770870,2019-03-26,00:00:00
1553644800000,0.2969186759299483,2019-03-27,00:00:00
1553731200000,0.3070697513242119,2019-03-28,00:00:00
1553817600000,0.3051593614876977,2019-03-29,00:00:00
1553904000000,0.3102211363004702,2019-03-30,00:00:00
1553990400000,0.3090768061487447,2019-03-31,00:00:00
1554076800000,0.3103544693540550,2019-04-01,00:00:00
1554163200000,0.3232100457157983,2019-04-02,00:00:00
1554249600000,0.3532089527101200,2019-04-03,00:00:00
1554336000000,0.3383810793424201,2019-04-04,00:00:00
1554422400000,0.3334278586989227,2019-04-05,00:00:00
1554508800000,0.3546891852785194,2019-04-06,00:00:00
1554595200000,0.3462240736774626,2019-04-07,00:00:00
1554681600000,0.3625864799548951,2019-04-08,00:00:00
1554768000000,0.3562457388341693,2019-04-09,00:00:00
1554854400000,0.3473773727245787,2019-04-10,00:00:00
1554940800000,0.3476250167097286,2019-04-11,00:00:00
1555027200000,0.3216598242551215,2019-04-12,00:00:00
1555113600000,0.3191856006393640,2019-04-13,00:00:00
1555200000000,0.3168903444742819,2019-04-14,00:00:00
1555286400000,0.3170436784014359,2019-04-15,00:00:00
1555372800000,0.3019809647437016,2019-04-16,00:00:00
1555459200000,0.3111595307702253,2019-04-17,00:00:00
1555545600000,0.3084441526388369,2019-04-18,00:00:00
1555632000000,0.3089183738713985,2019-04-19,00:00:00
1555718400000,0.3084627854125005,2019-04-20,00:00:00
1555804800000,0.3103672378411253,2019-04-21,00:00:00
1555891200000,0.3023326069497625,2019-04-22,00:00:00
1555977600000,0.3041742920506425,2019-04-23,00:00:00
1556064000000,0.2940907830775628,2019-04-24,00:00:00
1556150400000,0.2802034356930306,2019-04-25,00:00:00
1556236800000,0.2605973352850021,2019-04-26,00:00:00
1556323200000,0.2674394420627342,2019-04-27,00:00:00
1556409600000,0.2635142266805640,2019-04-28,00:00:00
1556496000000,0.2643219635846863,2019-04-29,00:00:00
1556582400000,0.3010464170336599,2019-04-30,00:00:00
1556668800000,0.2956201350910020,2019-05-01,00:00:00
1556755200000,0.2888831683385569,2019-05-02,00:00:00
1556841600000,0.2766233297202716,2019-05-03,00:00:00
1556928000000,0.2819884534800857,2019-05-04,00:00:00
1557014400000,0.2778945543903170,2019-05-05,00:00:00
1557100800000,0.2770699950283724,2019-05-06,00:00:00
1557187200000,0.2753524728617291,2019-05-07,00:00:00
1557273600000,0.2646897060906150,2019-05-08,00:00:00
1557360000000,0.2787578292647646,2019-05-09,00:00:00
1557446400000,0.2709025734137046,2019-05-10,00:00:00
1557532800000,0.2779809366968958,2019-05-11,00:00:00
1557619200000,0.3140507330891950,2019-05-12,00:00:00
1557705600000,0.3003853573019851,2019-05-13,00:00:00
1557792000000,0.3349593842423842,2019-05-14,00:00:00
1557878400000,0.3744818497935621,2019-05-15,00:00:00
1557964800000,0.4395201775621213,2019-05-16,00:00:00
1558051200000,0.4144907598396275,2019-05-17,00:00:00
1558137600000,0.3941937051742981,2019-05-18,00:00:00
1558224000000,0.3814135500031531,2019-05-19,00:00:00
1558310400000,0.4235563347511649,2019-05-20,00:00:00
1558396800000,0.4058329468652244,2019-05-21,00:00:00
1558483200000,0.4149170450071985,2019-05-22,00:00:00
1558569600000,0.3846628644831651,2019-05-23,00:00:00
1558656000000,0.3879284540172630,2019-05-24,00:00:00
1558742400000,0.3830637265751485,2019-05-25,00:00:00
1558828800000,0.3841487367461713,2019-05-26,00:00:00
1558915200000,0.4103635565785715,2019-05-27,00:00:00
1559001600000,0.4360681018353450,2019-05-28,00:00:00
1559088000000,0.4807054977008670,2019-05-29,00:00:00
1559174400000,0.5131148510297205,2019-05-30,00:00:00
1559260800000,0.4743496339475653,2019-05-31,00:00:00
1559347200000,0.5095478461256811,2019-06-01,00:00:00
1559433600000,0.4803667639599309,2019-06-02,00:00:00
1559520000000,0.4902634296185081,2019-06-03,00:00:00
1559606400000,0.4467286745682698,2019-06-04,00:00:00
1559692800000,0.4253154849897501,2019-06-05,00:00:00
1559779200000,0.4316354672554973,2019-06-06,00:00:00
1559865600000,0.4245708521527709,2019-06-07,00:00:00
1559952000000,0.4456983106904404,2019-06-08,00:00:00
1560038400000,0.4320019578038158,2019-06-09,00:00:00
1560124800000,0.4074280758403615,2019-06-10,00:00:00
1560211200000,0.4297835902364832,2019-06-11,00:00:00
1560297600000,0.4231876915831536,2019-06-12,00:00:00
1560384000000,0.4359620506519251,2019-06-13,00:00:00
1560470400000,0.4402758517101020,2019-06-14,00:00:00
1560556800000,0.4321077330741632,2019-06-15,00:00:00
1560643200000,0.4367325146317561,2019-06-16,00:00:00
1560729600000,0.4462896656893472,2019-06-17,00:00:00
1560816000000,0.4423521032368958,2019-06-18,00:00:00
1560902400000,0.4309222992360079,2019-06-19,00:00:00
1560988800000,0.4364545874784849,2019-06-20,00:00:00
1561075200000,0.4176457354141495,2019-06-21,00:00:00
1561161600000,0.4262421067952443,2019-06-22,00:00:00
1561248000000,0.4618551276087555,2019-06-23,00:00:00
1561334400000,0.4473201133013229,2019-06-24,00:00:00
1561420800000,0.4568528067113884,2019-06-25,00:00:00
1561507200000,0.4473953158987488,2019-06-26,00:00:00
1561593600000,0.4428993356914951,2019-06-27,00:00:00
1561680000000,0.3978591113851003,2019-06-28,00:00:00
1561766400000,0.4150453474371404,2019-06-29,00:00:00
1561852800000,0.4221370998143190,2019-06-30,00:00:00
1561939200000,0.3891290236845583,2019-07-01,00:00:00
1562025600000,0.4049285698866379,2019-07-02,00:00:00
1562112000000,0.3991508182561553,2019-07-03,00:00:00
1562198400000,0.4054406811266443,2019-07-04,00:00:00
1562284800000,0.3871470821222309,2019-07-05,00:00:00
1562371200000,0.3843151058877704,2019-07-06,00:00:00
1562457600000,0.3899348252803068,2019-07-07,00:00:00
1562544000000,0.3976776410719134,2019-07-08,00:00:00
1562630400000,0.4047718316333773,2019-07-09,00:00:00
1562716800000,0.3960378719328135,2019-07-10,00:00:00
1562803200000,0.3665115950300012,2019-07-11,00:00:00
1562889600000,0.3447356426766898,2019-07-12,00:00:00
1562976000000,0.3559647844252907,2019-07-13,00:00:00
1563062400000,0.3461031519175328,2019-07-14,00:00:00
1563148800000,0.3072511895493740,2019-07-15,00:00:00
1563235200000,0.3104237154637175,2019-07-16,00:00:00
1563321600000,0.2684113362462739,2019-07-17,00:00:00
1563408000000,0.2864613671767103,2019-07-18,00:00:00
1563494400000,0.3063960004006400,2019-07-19,00:00:00
1563580800000,0.3035242683763618,2019-07-20,00:00:00
1563667200000,0.3192849839783640,2019-07-21,00:00:00
1563753600000,0.3153461556979469,2019-07-22,00:00:00
1563840000000,0.3004047629925721,2019-07-23,00:00:00
1563926400000,0.2940502703980761,2019-07-24,00:00:00
1564012800000,0.3113126544104523,2019-07-25,00:00:00
1564099200000,0.3042809871404822,2019-07-26,00:00:00
1564185600000,0.3009325647759652,2019-07-27,00:00:00
1564272000000,0.2874451544392167,2019-07-28,00:00:00
1564358400000,0.2842842546820146,2019-07-29,00:00:00
1564444800000,0.2832742871206726,2019-07-30,00:00:00
1564531200000,0.2860389988678936,2019-07-31,00:00:00
1564617600000,0.2910525798212097,2019-08-01,00:00:00
1564704000000,0.2884629463968157,2019-08-02,00:00:00
1564790400000,0.2878986657904300,2019-08-03,00:00:00
1564876800000,0.2831575304103571,2019-08-04,00:00:00
1564963200000,0.2844624564544777,2019-08-05,00:00:00
1565049600000,0.2905772061039558,2019-08-06,00:00:00
1565136000000,0.2784136059746891,2019-08-07,00:00:00
1565222400000,0.2756159610315028,2019-08-08,00:00:00
1565308800000,0.2750108679825656,2019-08-09,00:00:00
1565395200000,0.2539946945236149,2019-08-10,00:00:00
1565481600000,0.2601936849591506,2019-08-11,00:00:00
1565568000000,0.2695827301726047,2019-08-12,00:00:00
1565654400000,0.2590716493430725,2019-08-13,00:00:00
1565740800000,0.2562510203876684,2019-08-14,00:00:00
1565827200000,0.2320597521408856,2019-08-15,00:00:00
1565913600000,0.2435437716869129,2019-08-16,00:00:00
1566000000000,0.2420854138023141,2019-08-17,00:00:00
1566086400000,0.2431642539368289,2019-08-18,00:00:00
1566172800000,0.2479096102669784,2019-08-19,00:00:00
1566259200000,0.2518791405393953,2019-08-20,00:00:00
1566345600000,0.2493735932670683,2019-08-21,00:00:00
1566432000000,0.2402405917782537,2019-08-22,00:00:00
1566518400000,0.2614268780948511,2019-08-23,00:00:00
1566604800000,0.2602825852931949,2019-08-24,00:00:00
1566691200000,0.2595988760098878,2019-08-25,00:00:00
1566777600000,0.2663472063851460,2019-08-26,00:00:00
1566864000000,0.2693920632925057,2019-08-27,00:00:00
1566950400000,0.2608192929587319,2019-08-28,00:00:00
1567036800000,0.2433697275790264,2019-08-29,00:00:00
1567123200000,0.2501508031690953,2019-08-30,00:00:00
1567209600000,0.2533149829283373,2019-08-31,00:00:00
1567296000000,0.2474755511074419,2019-09-01,00:00:00
1567382400000,0.2417439542705977,2019-09-02,00:00:00
1567468800000,0.2495402608144001,2019-09-03,00:00:00
1567555200000,0.2494959600265180,2019-09-04,00:00:00
1567641600000,0.2469442126360785,2019-09-05,00:00:00
1567728000000,0.2425115879337338,2019-09-06,00:00:00
1567814400000,0.2310543451418467,2019-09-07,00:00:00
1567900800000,0.2422488360737348,2019-09-08,00:00:00
1567987200000,0.2449777315947167,2019-09-09,00:00:00
1568073600000,0.2397052422037840,2019-09-10,00:00:00
1568160000000,0.2393263072710606,2019-09-11,00:00:00
1568246400000,0.2389221329123225,2019-09-12,00:00:00
1568332800000,0.2367905793128213,2019-09-13,00:00:00
1568419200000,0.2423035616941139,2019-09-14,00:00:00
1568505600000,0.2483114558892230,2019-09-15,00:00:00
1568592000000,0.2497503850451175,2019-09-16,00:00:00
1568678400000,0.2493716335681321,2019-09-17,00:00:00
1568764800000,0.2621482807475978,2019-09-18,00:00:00
1568851200000,0.2977705268124270,2019-09-19,00:00:00
1568937600000,0.2983368050662986,2019-09-20,00:00:00
1569024000000,0.3138201297449387,2019-09-21,00:00:00
1569110400000,0.2946108281900118,2019-09-22,00:00:00
1569196800000,0.2791561022924744,2019-09-23,00:00:00
1569283200000,0.2785598017486418,2019-09-24,00:00:00
1569369600000,0.2543825918231919,2019-09-25,00:00:00
1569456000000,0.2620252990910141,2019-09-26,00:00:00
1569542400000,0.2669810614160612,2019-09-27,00:00:00
1569628800000,0.2638971225434102,2019-09-28,00:00:00
1569715200000,0.2648195731795178,2019-09-29,00:00:00
1569801600000,0.2604934089950922,2019-09-30,00:00:00
1569888000000,0.2662089208097887,2019-10-01,00:00:00
1569974400000,0.2706318498014697,2019-10-02,00:00:00
1570060800000,0.2829901888865241,2019-10-03,00:00:00
1570147200000,0.2724621133403789,2019-10-04,00:00:00
1570233600000,0.2714828392109393,2019-10-05,00:00:00
1570320000000,0.2785135437261778,2019-10-06,00:00:00
1570406400000,0.2698977057449830,2019-10-07,00:00:00
1570492800000,0.2833867874735234,2019-10-08,00:00:00
1570579200000,0.2763314373678473,2019-10-09,00:00:00
1570665600000,0.2799122155226503,2019-10-10,00:00:00
1570752000000,0.2774337747119178,2019-10-11,00:00:00
1570838400000,0.2702578599690058,2019-10-12,00:00:00
1570924800000,0.2705998125373324,2019-10-13,00:00:00
1571011200000,0.2792254136823633,2019-10-14,00:00:00
1571097600000,0.2846007946797902,2019-10-15,00:00:00
1571184000000,0.2808372119311070,2019-10-16,00:00:00
1571270400000,0.2725807482710233,2019-10-17,00:00:00
1571356800000,0.2780167912240701,2019-10-18,00:00:00
1571443200000,0.2731336850844882,2019-10-19,00:00:00
1571529600000,0.2700838399280760,2019-10-20,00:00:00
1571616000000,0.2736042574781652,2019-10-21,00:00:00
1571702400000,0.2707854672434346,2019-10-22,00:00:00
1571788800000,0.2708871171357195,2019-10-23,00:00:00
1571875200000,0.2548542839827943,2019-10-24,00:00:00
1571961600000,0.2565718609596052,2019-10-25,00:00:00
1572048000000,0.2727775152731089,2019-10-26,00:00:00
1572134400000,0.2686051325427702,2019-10-27,00:00:00
1572220800000,0.2731442967935791,2019-10-28,00:00:00
1572307200000,0.2856434594381036,2019-10-29,00:00:00
1572393600000,0.2809312755830414,2019-10-30,00:00:00
1572480000000,0.2828056052914922,2019-10-31,00:00:00
1572566400000,0.2722073273099075,2019-11-01,00:00:00
1572652800000,0.2742529231973343,2019-11-02,00:00:00
1572739200000,0.2732902363418132,2019-11-03,00:00:00
1572825600000,0.2696476634321888,2019-11-04,00:00:00
1572912000000,0.2742724598264095,2019-11-05,00:00:00
1572998400000,0.2757825120980221,2019-11-06,00:00:00
1573084800000,0.2796117494013214,2019-11-07,00:00:00
1573171200000,0.2710848410975558,2019-11-08,00:00:00
1573257600000,0.2643478906244763,2019-11-09,00:00:00
1573344000000,0.2677431977555352,2019-11-10,00:00:00
1573430400000,0.2687022194986011,2019-11-11,00:00:00
1573516800000,0.2591599244142619,2019-11-12,00:00:00
1573603200000,0.2612842555568706,2019-11-13,00:00:00
1573689600000,0.2582711343531115,2019-11-14,00:00:00
1573776000000,0.2641462253399657,2019-11-15,00:00:00
1573862400000,0.2591579406616342,2019-11-16,00:00:00
1573948800000,0.2583151329832882,2019-11-17,00:00:00
1574035200000,0.2598008520693894,2019-11-18,00:00:00
1574121600000,0.2503095577794671,2019-11-19,00:00:00
1574208000000,0.2466273236727567,2019-11-20,00:00:00
1574294400000,0.2413849128841767,2019-11-21,00:00:00
1574380800000,0.2281942421721302,2019-11-22,00:00:00
1574467200000,0.2095243450930983,2019-11-23,00:00:00
1574553600000,0.2153532098133015,2019-11-24,00:00:00
1574640000000,0.2013845013895645,2019-11-25,00:00:00
1574726400000,0.2100995342614885,2019-11-26,00:00:00
1574812800000,0.2125776288811797,2019-11-27,00:00:00
1574899200000,0.2124322399543121,2019-11-28,00:00:00
1574985600000,0.2111795962592986,2019-11-29,00:00:00
1575072000000,0.2193892150402608,2019-11-30,00:00:00
1575158400000,0.2117059992851145,2019-12-01,00:00:00
1575244800000,0.2070963366254593,2019-12-02,00:00:00
1575331200000,0.2090934427817151,2019-12-03,00:00:00
1575417600000,0.2047043300964373,2019-12-04,00:00:00
1575504000000,0.1973858509212916,2019-12-05,00:00:00
1575590400000,0.2045496375710132,2019-12-06,00:00:00
1575676800000,0.2058581190419944,2019-12-07,00:00:00
1575763200000,0.2066780625404046,2019-12-08,00:00:00
1575849600000,0.2085452517831967,2019-12-09,00:00:00
1575936000000,0.2031131232109775,2019-12-10,00:00:00
1576022400000,0.1980493413622771,2019-12-11,00:00:00
1576108800000,0.1985474980118455,2019-12-12,00:00:00
1576195200000,0.1939758068891767,2019-12-13,00:00:00
1576281600000,0.1951914327001403,2019-12-14,00:00:00
1576368000000,0.1910146370984949,2019-12-15,00:00:00
1576454400000,0.1900065593703301,2019-12-16,00:00:00
1576540800000,0.1737567371230197,2019-12-17,00:00:00
1576627200000,0.1580865137509633,2019-12-18,00:00:00
1576713600000,0.1586295711174020,2019-12-19,00:00:00
1576800000000,0.1631741443730255,2019-12-20,00:00:00
1576886400000,0.1651189195337404,2019-12-21,00:00:00
1576972800000,0.1637035794505846,2019-12-22,00:00:00
1577059200000,0.1681981601447151,2019-12-23,00:00:00
1577145600000,0.1619315208819526,2019-12-24,00:00:00
1577232000000,0.1564114146738235,2019-12-25,00:00:00
1577318400000,0.1567305199397139,2019-12-26,00:00:00
1577404800000,0.1581285810784666,2019-12-27,00:00:00
1577491200000,0.1622294970041171,2019-12-28,00:00:00
1577577600000,0.1643427394949011,2019-12-29,00:00:00
1577664000000,0.1690346684440523,2019-12-30,00:00:00
1577750400000,0.1602116936663409,2019-12-31,00:00:00
1577836800000,0.1609007241675487,2020-01-01,00:00:00
1577923200000,0.1635060902798006,2020-01-02,00:00:00
1578009600000,0.1590433272113573,2020-01-03,00:00:00
1578096000000,0.1669540785666697,2020-01-04,00:00:00
1578182400000,0.1743410953766802,2020-01-05,00:00:00
1578268800000,0.1732216901459567,2020-01-06,00:00:00
1578355200000,0.1836094456904537,2020-01-07,00:00:00
1578441600000,0.1864758977875303,2020-01-08,00:00:00
1578528000000,0.1809029932637447,2020-01-09,00:00:00
1578614400000,0.1775690566409521,2020-01-10,00:00:00
1578700800000,0.1904965218741026,2020-01-11,00:00:00
1578787200000,0.1926565706673486,2020-01-12,00:00:00
1578873600000,0.1919208017932388,2020-01-13,00:00:00
1578960000000,0.1892066227644740,2020-01-14,00:00:00
1579046400000,0.2104086822367201,2020-01-15,00:00:00
1579132800000,0.2323543631851808,2020-01-16,00:00:00
1579219200000,0.2277807970138158,2020-01-17,00:00:00
1579305600000,0.2379655536126325,2020-01-18,00:00:00
1579392000000,0.2469533445330417,2020-01-19,00:00:00
1579478400000,0.2470355627657435,2020-01-20,00:00:00
1579564800000,0.2523936818504273,2020-01-21,00:00:00
1579651200000,0.2508792050615309,2020-01-22,00:00:00
1579737600000,0.2498254896080084,2020-01-23,00:00:00
1579824000000,0.2359699808611816,2020-01-24,00:00:00
1579910400000,0.2367331611746912,2020-01-25,00:00:00
1579996800000,0.2342116903233748,2020-01-26,00:00:00
1580083200000,0.2450466263055541,2020-01-27,00:00:00
1580169600000,0.2507004090816082,2020-01-28,00:00:00
1580256000000,0.2862265954092575,2020-01-29,00:00:00
1580342400000,0.3012607114044428,2020-01-30,00:00:00
1580428800000,0.2925892238931940,2020-01-31,00:00:00
1580515200000,0.2931207071996519,2020-02-01,00:00:00
1580601600000,0.3038574187276483,2020-02-02,00:00:00
1580688000000,0.3078569379385836,2020-02-03,00:00:00
1580774400000,0.3338600855384416,2020-02-04,00:00:00
1580860800000,0.3305080357839399,2020-02-05,00:00:00
1580947200000,0.3250265475003216,2020-02-06,00:00:00
1581033600000,0.3305700727358735,2020-02-07,00:00:00
1581120000000,0.3206043490661388,2020-02-08,00:00:00
1581206400000,0.3068321442273653,2020-02-09,00:00:00
1581292800000,0.3210598710736625,2020-02-10,00:00:00
1581379200000,0.3166328076658109,2020-02-11,00:00:00
1581465600000,0.3325584319996510,2020-02-12,00:00:00
1581552000000,0.3339182185208788,2020-02-13,00:00:00
1581638400000,0.3220341347689644,2020-02-14,00:00:00
1581724800000,0.3234440857749345,2020-02-15,00:00:00
1581811200000,0.2877560755105376,2020-02-16,00:00:00
1581897600000,0.2786701900167934,2020-02-17,00:00:00
1581984000000,0.2831031978527780,2020-02-18,00:00:00
1582070400000,0.2910055153970035,2020-02-19,00:00:00
1582156800000,0.2668670112491125,2020-02-20,00:00:00
1582243200000,0.2653814391911562,2020-02-21,00:00:00
1582329600000,0.2686639113835236,2020-02-22,00:00:00
1582416000000,0.2723745492699445,2020-02-23,00:00:00
1582502400000,0.2793363619193678,2020-02-24,00:00:00
1582588800000,0.2624196405907707,2020-02-25,00:00:00
1582675200000,0.2487440837110470,2020-02-26,00:00:00
1582761600000,0.2180826310177327,2020-02-27,00:00:00
1582848000000,0.2158447211275734,2020-02-28,00:00:00
1582934400000,0.2174310127637734,2020-02-29,00:00:00
1583020800000,0.2143127983699402,2020-03-01,00:00:00
1583107200000,0.2122527485726508,2020-03-02,00:00:00
1583193600000,0.2244170387652849,2020-03-03,00:00:00
1583280000000,0.2240046943827309,2020-03-04,00:00:00
1583366400000,0.2228698705911806,2020-03-05,00:00:00
1583452800000,0.2281914233908151,2020-03-06,00:00:00
1583539200000,0.2336498124104642,2020-03-07,00:00:00
1583625600000,0.2247143654486173,2020-03-08,00:00:00
1583712000000,0.1913285879839137,2020-03-09,00:00:00
1583798400000,0.1923975751552444,2020-03-10,00:00:00
1583884800000,0.1985325638210865,2020-03-11,00:00:00
1583971200000,0.1961549032901117,2020-03-12,00:00:00
1584057600000,0.1093745621042971,2020-03-13,00:00:00
1584144000000,0.1314934236416050,2020-03-14,00:00:00
1584230400000,0.1248558957751042,2020-03-15,00:00:00
1584316800000,0.1219641175522124,2020-03-16,00:00:00
1584403200000,0.1099750483499416,2020-03-17,00:00:00
1584489600000,0.1225624450388402,2020-03-18,00:00:00
1584576000000,0.1267202948042583,2020-03-19,00:00:00
1584662400000,0.1501957469780696,2020-03-20,00:00:00
1584748800000,0.1416839919842553,2020-03-21,00:00:00
1584835200000,0.1387028509847341,2020-03-22,00:00:00
1584921600000,0.1266063957814445,2020-03-23,00:00:00
1585008000000,0.1440772951882211,2020-03-24,00:00:00
1585094400000,0.1448946900396531,2020-03-25,00:00:00
1585180800000,0.1412309629408511,2020-03-26,00:00:00
1585267200000,0.1457085855787692,2020-03-27,00:00:00
1585353600000,0.1364634501326009,2020-03-28,00:00:00
1585440000000,0.1394879156390586,2020-03-29,00:00:00
1585526400000,0.1317896013001299,2020-03-30,00:00:00
1585612800000,0.1415604603633328,2020-03-31,00:00:00
1585699200000,0.1440712730169731,2020-04-01,00:00:00
1585785600000,0.1472793785195241,2020-04-02,00:00:00
1585872000000,0.1479642083986994,2020-04-03,00:00:00
1585958400000,0.1492591704024507,2020-04-04,00:00:00
1586044800000,0.1500952546895827,2020-04-05,00:00:00
1586131200000,0.1488640652849683,2020-04-06,00:00:00
1586217600000,0.1660290633083410,2020-04-07,00:00:00
1586304000000,0.1638576229910399,2020-04-08,00:00:00
1586390400000,0.1718888769482382,2020-04-09,00:00:00
1586476800000,0.1727787596954909,2020-04-10,00:00:00
1586563200000,0.1611799897723240,2020-04-11,00:00:00
1586649600000,0.1604600995059829,2020-04-12,00:00:00
1586736000000,0.1614801482177776,2020-04-13,00:00:00
1586822400000,0.1595276351775407,2020-04-14,00:00:00
1586908800000,0.1582944950515837,2020-04-15,00:00:00
1586995200000,0.1483284073393403,2020-04-16,00:00:00
1587081600000,0.1576240974854568,2020-04-17,00:00:00
1587168000000,0.1564810309514486,2020-04-18,00:00:00
1587254400000,0.1630752866209206,2020-04-19,00:00:00
1587340800000,0.1561481677021508,2020-04-20,00:00:00
1587427200000,0.1487668353624467,2020-04-21,00:00:00
1587513600000,0.1519628491984758,2020-04-22,00:00:00
1587600000000,0.1562606913778335,2020-04-23,00:00:00
1587686400000,0.1590272136953222,2020-04-24,00:00:00
1587772800000,0.1679086070249049,2020-04-25,00:00:00
1587859200000,0.1700079221744757,2020-04-26,00:00:00
1587945600000,0.1763677927780230,2020-04-27,00:00:00
1588032000000,0.1742363016807539,2020-04-28,00:00:00
1588118400000,0.1742194017950180,2020-04-29,00:00:00
1588204800000,0.1858443520654324,2020-04-30,00:00:00
1588291200000,0.1765197885935362,2020-05-01,00:00:00
1588377600000,0.1820211436829441,2020-05-02,00:00:00
1588464000000,0.1913659438872676,2020-05-03,00:00:00
1588550400000,0.1827957530234119,2020-05-04,00:00:00
1588636800000,0.1827406147456676,2020-05-05,00:00:00
1588723200000,0.1874328256370318,2020-05-06,00:00:00
1588809600000,0.1779761251896717,2020-05-07,00:00:00
1588896000000,0.1846840956829746,2020-05-08,00:00:00
1588982400000,0.2019315931727316,2020-05-09,00:00:00
1589068800000,0.1975229330154354,2020-05-10,00:00:00
1589155200000,0.1840882040124230,2020-05-11,00:00:00
1589241600000,0.1776730476192715,2020-05-12,00:00:00
1589328000000,0.1862005509257018,2020-05-13,00:00:00
1589414400000,0.1925689330431515,2020-05-14,00:00:00
1589500800000,0.2088112413568605,2020-05-15,00:00:00
1589587200000,0.1977342170030779,2020-05-16,00:00:00
1589673600000,0.1970198645207411,2020-05-17,00:00:00
1589760000000,0.1994831197501800,2020-05-18,00:00:00
1589846400000,0.2038798927765311,2020-05-19,00:00:00
1589932800000,0.2023959762568754,2020-05-20,00:00:00
1590019200000,0.1990839671305663,2020-05-21,00:00:00
1590105600000,0.1877087246615293,2020-05-22,00:00:00
1590192000000,0.2019594272728913,2020-05-23,00:00:00
1590278400000,0.1994349932111113,2020-05-24,00:00:00
1590364800000,0.1912048811613441,2020-05-25,00:00:00
1590451200000,0.1975723038073336,2020-05-26,00:00:00
1590537600000,0.1944081562921999,2020-05-27,00:00:00
1590624000000,0.1965968027024209,2020-05-28,00:00:00
1590710400000,0.2028959313221227,2020-05-29,00:00:00
1590796800000,0.2012666423031809,2020-05-30,00:00:00
1590883200000,0.2183599867492741,2020-05-31,00:00:00
1590969600000,0.2194252850842456,2020-06-01,00:00:00
1591056000000,0.2356645061094750,2020-06-02,00:00:00
1591142400000,0.2337410310212783,2020-06-03,00:00:00
1591228800000,0.2505325794088415,2020-06-04,00:00:00
1591315200000,0.2490618640712067,2020-06-05,00:00:00
1591401600000,0.2406738100587841,2020-06-06,00:00:00
1591488000000,0.2435060867075601,2020-06-07,00:00:00
1591574400000,0.2403500019455112,2020-06-08,00:00:00
1591660800000,0.2412511467567794,2020-06-09,00:00:00
1591747200000,0.2471202249045045,2020-06-10,00:00:00
1591833600000,0.2504809048661638,2020-06-11,00:00:00
1591920000000,0.2227292925703819,2020-06-12,00:00:00
1592006400000,0.2248102263089500,2020-06-13,00:00:00
1592092800000,0.2286389878193476,2020-06-14,00:00:00
1592179200000,0.2219432864183012,2020-06-15,00:00:00
1592265600000,0.2182321211364833,2020-06-16,00:00:00
1592352000000,0.2195974370305503,2020-06-17,00:00:00
1592438400000,0.2248067484814031,2020-06-18,00:00:00
1592524800000,0.2235043234760001,2020-06-19,00:00:00
1592611200000,0.2187241836798605,2020-06-20,00:00:00
1592697600000,0.2176918423557364,2020-06-21,00:00:00
1592784000000,0.2174688556513505,2020-06-22,00:00:00
1592870400000,0.2318548739257505,2020-06-23,00:00:00
1592956800000,0.2288427651623315,2020-06-24,00:00:00
1593043200000,0.2202192131418807,2020-06-25,00:00:00
1593129600000,0.2204039537838427,2020-06-26,00:00:00
1593216000000,0.2150171830594561,2020-06-27,00:00:00
1593302400000,0.2033676567226766,2020-06-28,00:00:00
1593388800000,0.2090053686684402,2020-06-29,00:00:00
1593475200000,0.2146601145832311,2020-06-30,00:00:00
1593561600000,0.2262004253283304,2020-07-01,00:00:00
1593648000000,0.2303524871855183,2020-07-02,00:00:00
1593734400000,0.2297741158195792,2020-07-03,00:00:00
1593820800000,0.2253169596998426,2020-07-04,00:00:00
1593907200000,0.2399222346148787,2020-07-05,00:00:00
1593993600000,0.2363198610548811,2020-07-06,00:00:00
1594080000000,0.2464172021622799,2020-07-07,00:00:00
1594166400000,0.2441361329370417,2020-07-08,00:00:00
1594252800000,0.2558572138585477,2020-07-09,00:00:00
1594339200000,0.2548391983392430,2020-07-10,00:00:00
1594425600000,0.2509339019310125,2020-07-11,00:00:00
1594512000000,0.2495925879788898,2020-07-12,00:00:00
1594598400000,0.2512269984187929,2020-07-13,00:00:00
1594684800000,0.2488732539394087,2020-07-14,00:00:00
1594771200000,0.2490082279729486,2020-07-15,00:00:00
1594857600000,0.2451864522964178,2020-07-16,00:00:00
1594944000000,0.2413932786156411,2020-07-17,00:00:00
1595030400000,0.2408404950179967,2020-07-18,00:00:00
1595116800000,0.2387892767863990,2020-07-19,00:00:00
1595203200000,0.2485032479636741,2020-07-20,00:00:00
1595289600000,0.2502875435411432,2020-07-21,00:00:00
1595376000000,0.2656823242091292,2020-07-22,00:00:00
1595462400000,0.2785745720754144,2020-07-23,00:00:00
1595548800000,0.2791081267018657,2020-07-24,00:00:00
1595635200000,0.2674029030873938,2020-07-25,00:00:00
1595721600000,0.2756178681128804,2020-07-26,00:00:00
1595808000000,0.2688683424693232,2020-07-27,00:00:00
1595894400000,0.2718301483790233,2020-07-28,00:00:00
1595980800000,0.2716215209319072,2020-07-29,00:00:00
1596067200000,0.2856144208176380,2020-07-30,00:00:00
1596153600000,0.3007923949285358,2020-07-31,00:00:00
1596240000000,0.2994264154838282,2020-08-01,00:00:00
1596326400000,0.3139708480993776,2020-08-02,00:00:00
1596412800000,0.2882423735453585,2020-08-03,00:00:00
1596499200000,0.3002117375693008,2020-08-04,00:00:00
1596585600000,0.3068254959580718,2020-08-05,00:00:00
1596672000000,0.3052649832783017,2020-08-06,00:00:00
1596758400000,0.3153418842557816,2020-08-07,00:00:00
1596844800000,0.3183578546558782,2020-08-08,00:00:00
1596931200000,0.3290679881286177,2020-08-09,00:00:00
1597017600000,0.3438744654845878,2020-08-10,00:00:00
1597104000000,0.3731394701290066,2020-08-11,00:00:00
1597190400000,0.3629558427865157,2020-08-12,00:00:00
1597276800000,0.3733049643747686,2020-08-13,00:00:00
1597363200000,0.3748072116849165,2020-08-14,00:00:00
1597449600000,0.4003803283288376,2020-08-15,00:00:00
1597536000000,0.4122377568049986,2020-08-16,00:00:00
1597622400000,0.4160080190398907,2020-08-17,00:00:00
1597708800000,0.4063508854608282,2020-08-18,00:00:00
1597795200000,0.3920375809159668,2020-08-19,00:00:00
1597881600000,0.3718496365727033,2020-08-20,00:00:00
1597968000000,0.3981577647354368,2020-08-21,00:00:00
1598054400000,0.3721053660763278,2020-08-22,00:00:00
1598140800000,0.4034083023704291,2020-08-23,00:00:00
1598227200000,0.3853423731833568,2020-08-24,00:00:00
1598313600000,0.3927328236771088,2020-08-25,00:00:00
1598400000000,0.3620840499914673,2020-08-26,00:00:00
1598486400000,0.3567059779836365,2020-08-27,00:00:00
1598572800000,0.3387488144014881,2020-08-28,00:00:00
1598659200000,0.3495539641914682,2020-08-29,00:00:00
1598745600000,0.3673089613969133,2020-08-30,00:00:00
1598832000000,0.3651404703356768,2020-08-31,00:00:00
1598918400000,0.3611623696147098,2020-09-01,00:00:00
1599004800000,0.3648398502700654,2020-09-02,00:00:00
1599091200000,0.3381375019044500,2020-09-03,00:00:00
1599177600000,0.2748039690272058,2020-09-04,00:00:00
1599264000000,0.2892768765547681,2020-09-05,00:00:00
1599350400000,0.2639771661339836,2020-09-06,00:00:00
1599436800000,0.2869348985515628,2020-09-07,00:00:00
1599523200000,0.2834959859865790,2020-09-08,00:00:00
1599609600000,0.2762361207104961,2020-09-09,00:00:00
1599696000000,0.2856291784038201,2020-09-10,00:00:00
1599782400000,0.2987428932479517,2020-09-11,00:00:00
1599868800000,0.2921852423093533,2020-09-12,00:00:00
1599955200000,0.2989106756160415,2020-09-13,00:00:00
1600041600000,0.2805243833797485,2020-09-14,00:00:00
1600128000000,0.2837545167119199,2020-09-15,00:00:00
1600214400000,0.2734427885275543,2020-09-16,00:00:00
1600300800000,0.2713496327358279,2020-09-17,00:00:00
1600387200000,0.2806455679863372,2020-09-18,00:00:00
1600473600000,0.2729526359393426,2020-09-19,00:00:00
1600560000000,0.2722634363452902,2020-09-20,00:00:00
1600646400000,0.2629057257692306,2020-09-21,00:00:00
1600732800000,0.2406256381409526,2020-09-22,00:00:00
1600819200000,0.2437911248653488,2020-09-23,00:00:00
1600905600000,0.2324309665016564,2020-09-24,00:00:00
1600992000000,0.2472692623609247,2020-09-25,00:00:00
1601078400000,0.2557856193372306,2020-09-26,00:00:00
1601164800000,0.2635553023566066,2020-09-27,00:00:00
1601251200000,0.2596446583792816,2020-09-28,00:00:00
1601337600000,0.2686078905325312,2020-09-29,00:00:00
1601424000000,0.2739376290717833,2020-09-30,00:00:00
1601510400000,0.2831225654403029,2020-10-01,00:00:00
1601596800000,0.2724819153106794,2020-10-02,00:00:00
1601683200000,0.2689757595670492,2020-10-03,00:00:00
1601769600000,0.2654204940167664,2020-10-04,00:00:00
1601856000000,0.2754609541238054,2020-10-05,00:00:00
1601942400000,0.2714961615891048,2020-10-06,00:00:00
1602028800000,0.2537650830344463,2020-10-07,00:00:00
1602115200000,0.2573353333637174,2020-10-08,00:00:00
1602201600000,0.2627822160996425,2020-10-09,00:00:00
1602288000000,0.2704252108359894,2020-10-10,00:00:00
1602374400000,0.2728233073813767,2020-10-11,00:00:00
1602460800000,0.2823532636176652,2020-10-12,00:00:00
1602547200000,0.2885346603694631,2020-10-13,00:00:00
1602633600000,0.2843561737319990,2020-10-14,00:00:00
1602720000000,0.2741753648691301,2020-10-15,00:00:00
1602806400000,0.2767742894403756,2020-10-16,00:00:00
1602892800000,0.2642151789560649,2020-10-17,00:00:00
1602979200000,0.2694495180928082,2020-10-18,00:00:00
1603065600000,0.2724328205365872,2020-10-19,00:00:00
1603152000000,0.2765561968460331,2020-10-20,00:00:00
1603238400000,0.2642577877343360,2020-10-21,00:00:00
